userId,similarity
388,1.00000000
2,1.00000000
77,1.00000000
85,1.00000000
253,1.00000000
291,1.00000000
358,1.00000000
12,1.00000000
146,0.99904964
278,0.97106076
