itemId,prediction
5105,7.79094828
6967,7.79094828
7114,7.79094828
7742,7.79094828
175475,7.57160319
184641,7.57160319
168712,7.46253316
3604,7.33935228
97024,7.14495074
40491,7.12092476
